{
    "loss": 0.3100246489048004,
    "accuracy": 0.9376811385154724
}